<application>
  <component name="MaterialThemeConfig">
    <option name="contrastMode" value="true" />
    <option name="highContrast" value="true" />
    <option name="isContrastMode" value="true" />
    <option name="isHighContrast" value="true" />
    <option name="isWizardShown" value="true" />
    <option name="pristineConfig" value="false" />
    <option name="accentColor" value="ff9800" />
    <option name="selectedTheme" value="DARKER" />
    <option name="userId" value="4e8e6cbd:171a0e57ccc:-8000" />
    <option name="version" value="5.2.0" />
  </component>
</application>