<application>
  <component name="ProjectManager">
    <defaultProject>
      <component name="InspectionProjectProfileManager">
        <option name="PROJECT_PROFILE" />
        <version value="1.0" />
      </component>
      <component name="MavenImportPreferences">
        <option name="generalSettings">
          <MavenGeneralSettings>
            <option name="mavenHome" value="D:\Program Files\JetBrains\IntelliJ IDEA Community Edition 2019.2.4\plugins\maven\lib\maven3" />
          </MavenGeneralSettings>
        </option>
      </component>
      <component name="NodePackageJsonFileManager">
        <packageJsonPaths />
      </component>
      <component name="PhpProjectSharedConfiguration" php_language_level="7.1" />
      <component name="PhpWorkspaceProjectConfiguration" backward_compatibility_performed="true" />
      <component name="ProjectViewState">
        <option name="autoscrollFromSource" value="true" />
        <option name="autoscrollToSource" value="true" />
        <option name="flattenPackages" value="true" />
        <option name="hideEmptyMiddlePackages" value="true" />
        <option name="showLibraryContents" value="true" />
        <option name="showMembers" value="true" />
      </component>
      <component name="PropertiesComponent">
        <property name="nodejs_interpreter_path.stuck_in_default_project" value="C:/Program Files/nodejs/node" />
        <property name="nodejs_npm_path_reset_for_default_project" value="true" />
        <property name="settings.editor.selected.configurable" value="reference.webide.settings.project.settings.php" />
      </component>
      <component name="masterDetails">
        <states>
          <state key="ProjectJDKs.UI">
            <settings>
              <last-edited>1.8</last-edited>
              <splitter-proportions>
                <option name="proportions">
                  <list>
                    <option value="0.2" />
                  </list>
                </option>
              </splitter-proportions>
            </settings>
          </state>
        </states>
      </component>
    </defaultProject>
  </component>
</application>